disciplina;studytime;faixa_estudo;variavel;quantidade;media;mediana;desvio_padrao_amostral;minimo;q1;q3;maximo;notas_zero;atipicos_iqr
Português;;Todas;G1;649;11,399076;11;2,745265;0;10,000000;13,000000;19;1;16
Português;;Todas;G2;649;11,570108;11;2,913639;0;10,000000;13,000000;19;7;25
Português;;Todas;G3;649;11,906009;12;3,230656;0;10,000000;14,000000;19;15;16
Português;1;Menos de 2 horas;G3;212;10,844340;11,000000;3,218624;0;10,000000;13,000000;18;8;10
Português;2;2 a 5 horas;G3;305;12,091803;12;3,243125;0;10,000000;14,000000;19;7;8
Português;3;5 a 10 horas;G3;97;13,226804;13;2,502104;8;12,000000;15,000000;18;0;0
Português;4;Mais de 10 horas;G3;35;13,057143;13;3,038410;6;11,000000;15,000000;19;0;0
Matemática;;Todas;G1;395;10,908861;11;3,319195;3;8,000000;13,000000;19;0;0
Matemática;;Todas;G2;395;10,713924;11;3,761505;0;9,000000;13,000000;19;13;13
Matemática;;Todas;G3;395;10,415190;11;4,581443;0;8,000000;14,000000;20;38;0
Matemática;1;Menos de 2 horas;G3;105;10,047619;10;4,956311;0;8,000000;13,000000;19;13;13
Matemática;2;2 a 5 horas;G3;198;10,171717;11,000000;4,217537;0;8,000000;13,000000;19;16;16
Matemática;3;5 a 10 horas;G3;65;11,400000;12;4,639504;0;10,000000;15,000000;19;6;6
Matemática;4;Mais de 10 horas;G3;27;11,259259;12;5,281263;0;9,000000;14,500000;20;3;3
