disciplina;registro_origem;studytime;faixa_estudo;G1;G2;G3;nota_final_0_10;sinalizacoes
Português;1;2;2 a 5 horas;0;11;11;5,5;
Português;2;2;2 a 5 horas;9;11;11;5,5;
Português;3;2;2 a 5 horas;12;13;12;6;
Português;4;3;5 a 10 horas;14;14;14;7;
Português;5;2;2 a 5 horas;11;13;13;6,5;
Português;6;2;2 a 5 horas;12;12;13;6,5;
Português;7;2;2 a 5 horas;13;12;13;6,5;
Português;8;2;2 a 5 horas;10;13;13;6,5;
Português;9;2;2 a 5 horas;15;16;17;8,5;
Português;10;2;2 a 5 horas;12;12;13;6,5;
Português;11;2;2 a 5 horas;14;14;14;7;
Português;12;3;5 a 10 horas;10;12;13;6,5;
Português;13;1;Menos de 2 horas;12;13;12;6;
Português;14;2;2 a 5 horas;12;12;13;6,5;
Português;15;3;5 a 10 horas;14;14;15;7,5;
Português;16;1;Menos de 2 horas;17;17;17;8,5;
Português;17;3;5 a 10 horas;13;13;14;7;
Português;18;2;2 a 5 horas;13;14;14;7;
Português;19;1;Menos de 2 horas;8;8;7;3,5;
Português;20;1;Menos de 2 horas;12;12;12;6;
Português;21;2;2 a 5 horas;12;13;14;7;
Português;22;1;Menos de 2 horas;11;12;12;6;
Português;23;2;2 a 5 horas;12;13;14;7;
Português;24;2;2 a 5 horas;10;10;10;5;
Português;25;3;5 a 10 horas;10;11;10;5;
Português;26;1;Menos de 2 horas;10;11;12;6;
Português;27;1;Menos de 2 horas;11;12;12;6;
Português;28;1;Menos de 2 horas;11;11;11;5,5;
Português;29;2;2 a 5 horas;12;12;13;6,5;
Português;30;2;2 a 5 horas;12;11;12;6;
Português;31;2;2 a 5 horas;10;11;11;5,5;
Português;32;2;2 a 5 horas;15;15;15;7,5;
Português;33;2;2 a 5 horas;13;14;15;7,5;
Português;34;2;2 a 5 horas;13;12;12;6;
Português;35;1;Menos de 2 horas;12;12;12;6;
Português;36;1;Menos de 2 horas;11;11;11;5,5;
Português;37;3;5 a 10 horas;14;14;14;7;
Português;38;3;5 a 10 horas;13;13;13;6,5;
Português;39;3;5 a 10 horas;11;12;12;6;
Português;40;1;Menos de 2 horas;14;13;12;6;
Português;41;2;2 a 5 horas;11;11;10;5;
Português;42;1;Menos de 2 horas;10;11;11;5,5;
Português;43;2;2 a 5 horas;14;15;15;7,5;
Português;44;1;Menos de 2 horas;9;10;10;5;
Português;45;2;2 a 5 horas;10;11;11;5,5;
Português;46;2;2 a 5 horas;10;11;11;5,5;
Português;47;2;2 a 5 horas;13;12;13;6,5;
Português;48;4;Mais de 10 horas;17;17;17;8,5;
Português;49;2;2 a 5 horas;11;12;13;6,5;
Português;50;2;2 a 5 horas;13;12;12;6;
Português;51;2;2 a 5 horas;14;13;13;6,5;
Português;52;2;2 a 5 horas;16;14;16;8;
Português;53;1;Menos de 2 horas;10;9;9;4,5;
Português;54;1;Menos de 2 horas;13;12;12;6;
Português;55;1;Menos de 2 horas;13;12;13;6,5;
Português;56;2;2 a 5 horas;12;13;12;6;
Português;57;2;2 a 5 horas;15;14;15;7,5;
Português;58;2;2 a 5 horas;15;15;16;8;
Português;59;2;2 a 5 horas;14;13;14;7;
Português;60;2;2 a 5 horas;16;15;16;8;
Português;61;2;2 a 5 horas;17;16;16;8;
Português;62;1;Menos de 2 horas;10;10;16;8;
Português;63;2;2 a 5 horas;13;13;10;5;
Português;64;3;5 a 10 horas;14;13;13;6,5;
Português;65;2;2 a 5 horas;13;12;12;6;
Português;66;2;2 a 5 horas;16;15;16;8;
Português;67;4;Mais de 10 horas;11;12;12;6;
Português;68;4;Mais de 10 horas;10;9;10;5;
Português;69;2;2 a 5 horas;11;10;11;5,5;
Português;70;4;Mais de 10 horas;15;15;15;7,5;
Português;71;4;Mais de 10 horas;13;11;11;5,5;
Português;72;4;Mais de 10 horas;11;9;10;5;
Português;73;2;2 a 5 horas;13;11;11;5,5;
Português;74;1;Menos de 2 horas;13;13;14;7;
Português;75;2;2 a 5 horas;11;11;11;5,5;
Português;76;2;2 a 5 horas;11;11;11;5,5;
Português;77;4;Mais de 10 horas;12;11;11;5,5;
Português;78;4;Mais de 10 horas;13;13;13;6,5;
Português;79;1;Menos de 2 horas;9;9;10;5;
Português;80;2;2 a 5 horas;12;11;11;5,5;
Português;81;1;Menos de 2 horas;11;11;12;6;
Português;82;3;5 a 10 horas;10;9;9;4,5;
Português;83;2;2 a 5 horas;12;11;11;5,5;
Português;84;2;2 a 5 horas;13;12;13;6,5;
Português;85;2;2 a 5 horas;13;12;12;6;
Português;86;2;2 a 5 horas;12;11;12;6;
Português;87;2;2 a 5 horas;13;11;11;5,5;
Português;88;3;5 a 10 horas;15;15;15;7,5;
Português;89;2;2 a 5 horas;12;10;11;5,5;
Português;90;2;2 a 5 horas;9;9;10;5;
Português;91;3;5 a 10 horas;9;11;11;5,5;
Português;92;1;Menos de 2 horas;14;13;13;6,5;
Português;93;2;2 a 5 horas;12;13;12;6;
Português;94;2;2 a 5 horas;13;14;14;7;
Português;95;4;Mais de 10 horas;11;12;12;6;
Português;96;4;Mais de 10 horas;13;13;13;6,5;
Português;97;1;Menos de 2 horas;9;11;11;5,5;
Português;98;2;2 a 5 horas;13;12;12;6;
Português;99;1;Menos de 2 horas;12;13;13;6,5;
Português;100;3;5 a 10 horas;12;13;13;6,5;
Português;101;1;Menos de 2 horas;9;9;8;4;
Português;102;3;5 a 10 horas;16;16;16;8;
Português;103;1;Menos de 2 horas;12;13;12;6;
Português;104;2;2 a 5 horas;11;10;10;5;
Português;105;2;2 a 5 horas;16;16;16;8;
Português;106;4;Mais de 10 horas;10;10;10;5;
Português;107;4;Mais de 10 horas;10;10;10;5;
Português;108;3;5 a 10 horas;13;14;14;7;
Português;109;4;Mais de 10 horas;12;10;11;5,5;
Português;110;3;5 a 10 horas;15;15;14;7;
Português;111;1;Menos de 2 horas;13;14;14;7;
Português;112;3;5 a 10 horas;11;11;11;5,5;
Português;113;2;2 a 5 horas;8;10;10;5;
Português;114;1;Menos de 2 horas;18;17;18;9;
Português;115;2;2 a 5 horas;10;9;10;5;
Português;116;2;2 a 5 horas;16;14;14;7;
Português;117;2;2 a 5 horas;16;15;16;8;
Português;118;1;Menos de 2 horas;14;14;15;7,5;
Português;119;2;2 a 5 horas;12;11;11;5,5;
Português;120;1;Menos de 2 horas;14;13;14;7;
Português;121;2;2 a 5 horas;14;14;14;7;
Português;122;4;Mais de 10 horas;14;13;13;6,5;
Português;123;2;2 a 5 horas;14;12;13;6,5;
Português;124;1;Menos de 2 horas;12;13;13;6,5;
Português;125;2;2 a 5 horas;12;11;11;5,5;
Português;126;1;Menos de 2 horas;9;9;9;4,5;
Português;127;2;2 a 5 horas;10;11;11;5,5;
Português;128;2;2 a 5 horas;9;10;11;5,5;
Português;129;1;Menos de 2 horas;14;14;15;7,5;
Português;130;3;5 a 10 horas;13;12;13;6,5;
Português;131;3;5 a 10 horas;10;11;12;6;
Português;132;2;2 a 5 horas;10;9;8;4;
Português;133;1;Menos de 2 horas;11;10;11;5,5;
Português;134;1;Menos de 2 horas;11;12;13;6,5;
Português;135;1;Menos de 2 horas;13;12;12;6;
Português;136;1;Menos de 2 horas;15;13;14;7;
Português;137;1;Menos de 2 horas;9;9;11;5,5;
Português;138;1;Menos de 2 horas;13;11;11;5,5;
Português;139;2;2 a 5 horas;12;11;11;5,5;
Português;140;3;5 a 10 horas;13;14;15;7,5;
Português;141;2;2 a 5 horas;10;9;10;5;
Português;142;2;2 a 5 horas;14;13;13;6,5;
Português;143;1;Menos de 2 horas;11;11;12;6;
Português;144;3;5 a 10 horas;12;11;11;5,5;
Português;145;1;Menos de 2 horas;12;11;11;5,5;
Português;146;1;Menos de 2 horas;9;9;10;5;
Português;147;2;2 a 5 horas;10;10;10;5;
Português;148;1;Menos de 2 horas;13;14;14;7;
Português;149;1;Menos de 2 horas;8;9;9;4,5;
Português;150;4;Mais de 10 horas;9;11;11;5,5;
Português;151;2;2 a 5 horas;9;8;9;4,5;
Português;152;3;5 a 10 horas;15;13;13;6,5;
Português;153;1;Menos de 2 horas;12;11;11;5,5;
Português;154;3;5 a 10 horas;13;13;13;6,5;
Português;155;1;Menos de 2 horas;10;11;11;5,5;
Português;156;1;Menos de 2 horas;9;7;6;3;
Português;157;2;2 a 5 horas;12;12;12;6;
Português;158;1;Menos de 2 horas;11;10;10;5;
Português;159;2;2 a 5 horas;11;11;11;5,5;
Português;160;2;2 a 5 horas;13;12;13;6,5;
Português;161;2;2 a 5 horas;11;11;11;5,5;
Português;162;1;Menos de 2 horas;9;9;8;4;
Português;163;1;Menos de 2 horas;12;11;11;5,5;
Português;164;1;Menos de 2 horas;11;9;0;0;
Português;165;1;Menos de 2 horas;9;10;10;5;
Português;166;3;5 a 10 horas;13;13;13;6,5;
Português;167;1;Menos de 2 horas;11;9;11;5,5;
Português;168;1;Menos de 2 horas;13;13;13;6,5;
Português;169;2;2 a 5 horas;7;8;8;4;
Português;170;1;Menos de 2 horas;9;8;10;5;
Português;171;1;Menos de 2 horas;11;10;11;5,5;
Português;172;1;Menos de 2 horas;12;10;11;5,5;
Português;173;2;2 a 5 horas;10;10;1;0,5;
Português;174;1;Menos de 2 horas;9;8;10;5;
Português;175;1;Menos de 2 horas;8;8;9;4,5;
Português;176;2;2 a 5 horas;7;6;8;4;
Português;177;1;Menos de 2 horas;8;9;10;5;
Português;178;1;Menos de 2 horas;9;8;8;4;
Português;179;2;2 a 5 horas;8;8;8;4;
Português;180;1;Menos de 2 horas;8;7;8;4;
Português;181;2;2 a 5 horas;9;10;11;5,5;
Português;182;2;2 a 5 horas;17;17;18;9;
Português;183;2;2 a 5 horas;12;12;13;6,5;
Português;184;2;2 a 5 horas;16;16;17;8,5;
Português;185;1;Menos de 2 horas;9;9;10;5;
Português;186;2;2 a 5 horas;16;17;18;9;
Português;187;2;2 a 5 horas;11;9;10;5;
Português;188;2;2 a 5 horas;14;13;13;6,5;
Português;189;2;2 a 5 horas;14;14;15;7,5;
Português;190;2;2 a 5 horas;10;11;11;5,5;
Português;191;2;2 a 5 horas;13;12;14;7;
Português;192;2;2 a 5 horas;11;9;10;5;
Português;193;1;Menos de 2 horas;10;9;11;5,5;
Português;194;2;2 a 5 horas;11;11;13;6,5;
Português;195;2;2 a 5 horas;11;10;11;5,5;
Português;196;2;2 a 5 horas;11;12;13;6,5;
Português;197;2;2 a 5 horas;17;18;17;8,5;
Português;198;2;2 a 5 horas;14;13;14;7;
Português;199;2;2 a 5 horas;14;15;16;8;
Português;200;2;2 a 5 horas;11;13;14;7;
Português;201;1;Menos de 2 horas;10;9;11;5,5;
Português;202;2;2 a 5 horas;13;14;16;8;
Português;203;2;2 a 5 horas;12;13;14;7;
Português;204;2;2 a 5 horas;9;9;10;5;
Português;205;2;2 a 5 horas;12;12;13;6,5;
Português;206;2;2 a 5 horas;12;11;12;6;
Português;207;2;2 a 5 horas;10;11;12;6;
Português;208;1;Menos de 2 horas;11;10;10;5;
Português;209;1;Menos de 2 horas;13;12;12;6;
Português;210;2;2 a 5 horas;14;15;16;8;
Português;211;1;Menos de 2 horas;13;13;14;7;
Português;212;1;Menos de 2 horas;10;11;12;6;
Português;213;1;Menos de 2 horas;14;15;16;8;
Português;214;2;2 a 5 horas;11;10;11;5,5;
Português;215;2;2 a 5 horas;14;14;15;7,5;
Português;216;2;2 a 5 horas;11;12;12;6;
Português;217;2;2 a 5 horas;14;15;15;7,5;
Português;218;1;Menos de 2 horas;13;13;13;6,5;
Português;219;4;Mais de 10 horas;13;13;13;6,5;
Português;220;3;5 a 10 horas;8;9;8;4;
Português;221;2;2 a 5 horas;11;11;12;6;
Português;222;2;2 a 5 horas;14;15;15;7,5;
Português;223;1;Menos de 2 horas;12;13;13;6,5;
Português;224;3;5 a 10 horas;11;12;12;6;
Português;225;4;Mais de 10 horas;12;12;12;6;
Português;226;2;2 a 5 horas;13;12;12;6;
Português;227;2;2 a 5 horas;13;13;13;6,5;
Português;228;2;2 a 5 horas;12;11;11;5,5;
Português;229;1;Menos de 2 horas;12;11;11;5,5;
Português;230;2;2 a 5 horas;14;16;15;7,5;
Português;231;2;2 a 5 horas;11;9;10;5;
Português;232;2;2 a 5 horas;10;10;10;5;
Português;233;1;Menos de 2 horas;12;13;13;6,5;
Português;234;3;5 a 10 horas;12;12;13;6,5;
Português;235;2;2 a 5 horas;11;10;11;5,5;
Português;236;3;5 a 10 horas;12;12;12;6;
Português;237;2;2 a 5 horas;13;13;14;7;
Português;238;2;2 a 5 horas;10;9;10;5;
Português;239;3;5 a 10 horas;15;16;16;8;
Português;240;2;2 a 5 horas;8;8;8;4;
Português;241;2;2 a 5 horas;17;18;17;8,5;
Português;242;2;2 a 5 horas;10;11;11;5,5;
Português;243;2;2 a 5 horas;9;10;11;5,5;
Português;244;3;5 a 10 horas;15;15;16;8;
Português;245;2;2 a 5 horas;14;12;12;6;
Português;246;2;2 a 5 horas;12;13;13;6,5;
Português;247;2;2 a 5 horas;13;13;13;6,5;
Português;248;2;2 a 5 horas;13;13;14;7;
Português;249;2;2 a 5 horas;9;9;9;4,5;
Português;250;3;5 a 10 horas;12;12;12;6;
Português;251;2;2 a 5 horas;16;16;16;8;
Português;252;1;Menos de 2 horas;9;10;10;5;
Português;253;2;2 a 5 horas;14;13;13;6,5;
Português;254;2;2 a 5 horas;10;10;10;5;
Português;255;2;2 a 5 horas;9;8;10;5;
Português;256;1;Menos de 2 horas;8;7;7;3,5;
Português;257;1;Menos de 2 horas;7;8;8;4;
Português;258;1;Menos de 2 horas;10;8;9;4,5;
Português;259;2;2 a 5 horas;14;14;15;7,5;
Português;260;3;5 a 10 horas;11;10;10;5;
Português;261;1;Menos de 2 horas;12;11;11;5,5;
Português;262;2;2 a 5 horas;13;13;13;6,5;
Português;263;1;Menos de 2 horas;9;9;8;4;
Português;264;2;2 a 5 horas;8;7;8;4;
Português;265;1;Menos de 2 horas;11;9;10;5;
Português;266;3;5 a 10 horas;15;14;15;7,5;
Português;267;2;2 a 5 horas;15;14;14;7;
Português;268;2;2 a 5 horas;15;15;15;7,5;
Português;269;2;2 a 5 horas;12;12;12;6;
Português;270;1;Menos de 2 horas;14;14;15;7,5;
Português;271;1;Menos de 2 horas;14;15;15;7,5;
Português;272;2;2 a 5 horas;11;11;12;6;
Português;273;3;5 a 10 horas;13;14;15;7,5;
Português;274;3;5 a 10 horas;11;11;11;5,5;
Português;275;2;2 a 5 horas;10;9;10;5;
Português;276;3;5 a 10 horas;12;10;11;5,5;
Português;277;1;Menos de 2 horas;15;16;16;8;
Português;278;2;2 a 5 horas;11;10;11;5,5;
Português;279;1;Menos de 2 horas;9;12;13;6,5;
Português;280;1;Menos de 2 horas;7;8;5;2,5;
Português;281;2;2 a 5 horas;10;9;10;5;
Português;282;1;Menos de 2 horas;11;12;11;5,5;
Português;283;1;Menos de 2 horas;7;8;7;3,5;
Português;284;2;2 a 5 horas;9;11;10;5;
Português;285;1;Menos de 2 horas;7;8;6;3;
Português;286;1;Menos de 2 horas;14;13;12;6;
Português;287;1;Menos de 2 horas;12;12;13;6,5;
Português;288;1;Menos de 2 horas;9;10;10;5;
Português;289;2;2 a 5 horas;12;12;13;6,5;
Português;290;4;Mais de 10 horas;14;15;17;8,5;
Português;291;2;2 a 5 horas;10;10;11;5,5;
Português;292;2;2 a 5 horas;11;10;11;5,5;
Português;293;3;5 a 10 horas;11;12;14;7;
Português;294;3;5 a 10 horas;11;12;14;7;
Português;295;2;2 a 5 horas;11;11;13;6,5;
Português;296;2;2 a 5 horas;11;13;14;7;
Português;297;2;2 a 5 horas;16;16;16;8;
Português;298;1;Menos de 2 horas;9;10;10;5;
Português;299;4;Mais de 10 horas;10;11;12;6;
Português;300;2;2 a 5 horas;10;12;12;6;
Português;301;2;2 a 5 horas;15;15;15;7,5;
Português;302;2;2 a 5 horas;10;10;11;5,5;
Português;303;3;5 a 10 horas;10;11;12;6;
Português;304;3;5 a 10 horas;15;12;13;6,5;
Português;305;3;5 a 10 horas;11;12;13;6,5;
Português;306;1;Menos de 2 horas;8;8;9;4,5;
Português;307;2;2 a 5 horas;15;16;16;8;
Português;308;2;2 a 5 horas;11;11;14;7;
Português;309;2;2 a 5 horas;10;11;12;6;
Português;310;2;2 a 5 horas;10;12;14;7;
Português;311;2;2 a 5 horas;8;9;10;5;
Português;312;2;2 a 5 horas;11;12;12;6;
Português;313;4;Mais de 10 horas;16;16;16;8;
Português;314;2;2 a 5 horas;13;13;13;6,5;
Português;315;2;2 a 5 horas;16;17;18;9;
Português;316;2;2 a 5 horas;14;14;15;7,5;
Português;317;2;2 a 5 horas;15;16;16;8;
Português;318;2;2 a 5 horas;12;12;12;6;
Português;319;2;2 a 5 horas;12;9;10;5;
Português;320;1;Menos de 2 horas;11;12;12;6;
Português;321;2;2 a 5 horas;14;12;13;6,5;
Português;322;3;5 a 10 horas;13;15;15;7,5;
Português;323;2;2 a 5 horas;9;8;10;5;
Português;324;1;Menos de 2 horas;10;10;10;5;
Português;325;1;Menos de 2 horas;10;10;11;5,5;
Português;326;1;Menos de 2 horas;11;11;10;5;
Português;327;1;Menos de 2 horas;13;13;13;6,5;
Português;328;4;Mais de 10 horas;17;17;18;9;
Português;329;2;2 a 5 horas;12;13;13;6,5;
Português;330;2;2 a 5 horas;12;12;14;7;
Português;331;2;2 a 5 horas;12;13;14;7;
Português;332;2;2 a 5 horas;12;12;12;6;
Português;333;3;5 a 10 horas;18;18;18;9;
Português;334;3;5 a 10 horas;13;13;14;7;
Português;335;3;5 a 10 horas;14;15;15;7,5;
Português;336;2;2 a 5 horas;17;17;17;8,5;
Português;337;2;2 a 5 horas;15;16;16;8;
Português;338;3;5 a 10 horas;17;18;18;9;
Português;339;4;Mais de 10 horas;18;19;19;9,5;
Português;340;3;5 a 10 horas;14;15;15;7,5;
Português;341;1;Menos de 2 horas;14;15;15;7,5;
Português;342;2;2 a 5 horas;14;13;13;6,5;
Português;343;2;2 a 5 horas;13;14;14;7;
Português;344;4;Mais de 10 horas;16;17;17;8,5;
Português;345;1;Menos de 2 horas;18;18;17;8,5;
Português;346;2;2 a 5 horas;14;15;15;7,5;
Português;347;1;Menos de 2 horas;12;13;13;6,5;
Português;348;3;5 a 10 horas;7;7;8;4;
Português;349;3;5 a 10 horas;16;16;16;8;
Português;350;4;Mais de 10 horas;18;18;18;9;
Português;351;3;5 a 10 horas;9;10;11;5,5;
Português;352;1;Menos de 2 horas;14;15;15;7,5;
Português;353;2;2 a 5 horas;10;10;11;5,5;
Português;354;2;2 a 5 horas;10;10;11;5,5;
Português;355;2;2 a 5 horas;12;12;15;7,5;
Português;356;2;2 a 5 horas;11;12;14;7;
Português;357;1;Menos de 2 horas;15;16;17;8,5;
Português;358;3;5 a 10 horas;14;15;17;8,5;
Português;359;1;Menos de 2 horas;12;12;15;7,5;
Português;360;3;5 a 10 horas;15;15;17;8,5;
Português;361;2;2 a 5 horas;11;12;14;7;
Português;362;2;2 a 5 horas;11;10;10;5;
Português;363;2;2 a 5 horas;12;11;13;6,5;
Português;364;1;Menos de 2 horas;11;12;14;7;
Português;365;1;Menos de 2 horas;14;15;17;8,5;
Português;366;2;2 a 5 horas;15;14;17;8,5;
Português;367;2;2 a 5 horas;12;12;13;6,5;
Português;368;2;2 a 5 horas;11;12;14;7;
Português;369;1;Menos de 2 horas;8;9;11;5,5;
Português;370;3;5 a 10 horas;10;10;11;5,5;
Português;371;2;2 a 5 horas;8;8;9;4,5;
Português;372;1;Menos de 2 horas;10;10;10;5;
Português;373;2;2 a 5 horas;14;13;13;6,5;
Português;374;3;5 a 10 horas;11;11;10;5;
Português;375;3;5 a 10 horas;17;18;17;8,5;
Português;376;3;5 a 10 horas;14;14;15;7,5;
Português;377;3;5 a 10 horas;14;14;14;7;
Português;378;3;5 a 10 horas;13;14;13;6,5;
Português;379;1;Menos de 2 horas;17;18;17;8,5;
Português;380;1;Menos de 2 horas;11;10;10;5;
Português;381;3;5 a 10 horas;13;12;13;6,5;
Português;382;3;5 a 10 horas;15;14;15;7,5;
Português;383;1;Menos de 2 horas;11;12;11;5,5;
Português;384;4;Mais de 10 horas;11;11;12;6;
Português;385;1;Menos de 2 horas;11;10;10;5;
Português;386;2;2 a 5 horas;10;9;10;5;
Português;387;3;5 a 10 horas;15;15;15;7,5;
Português;388;1;Menos de 2 horas;15;14;15;7,5;
Português;389;2;2 a 5 horas;10;11;12;6;
Português;390;2;2 a 5 horas;10;9;12;6;
Português;391;4;Mais de 10 horas;14;13;14;7;
Português;392;3;5 a 10 horas;11;13;14;7;
Português;393;2;2 a 5 horas;12;13;15;7,5;
Português;394;4;Mais de 10 horas;14;14;15;7,5;
Português;395;2;2 a 5 horas;14;14;16;8;
Português;396;2;2 a 5 horas;12;12;13;6,5;
Português;397;2;2 a 5 horas;16;16;17;8,5;
Português;398;2;2 a 5 horas;10;12;14;7;
Português;399;3;5 a 10 horas;11;12;14;7;
Português;400;3;5 a 10 horas;14;16;17;8,5;
Português;401;3;5 a 10 horas;15;14;17;8,5;
Português;402;3;5 a 10 horas;14;13;14;7;
Português;403;3;5 a 10 horas;11;12;13;6,5;
Português;404;2;2 a 5 horas;12;15;15;7,5;
Português;405;2;2 a 5 horas;12;16;16;8;
Português;406;1;Menos de 2 horas;10;11;11;5,5;
Português;407;1;Menos de 2 horas;10;13;13;6,5;
Português;408;3;5 a 10 horas;9;12;12;6;
Português;409;2;2 a 5 horas;9;11;12;6;
Português;410;2;2 a 5 horas;13;14;15;7,5;
Português;411;2;2 a 5 horas;13;17;17;8,5;
Português;412;3;5 a 10 horas;12;15;15;7,5;
Português;413;2;2 a 5 horas;14;17;17;8,5;
Português;414;2;2 a 5 horas;9;10;10;5;
Português;415;3;5 a 10 horas;11;15;15;7,5;
Português;416;1;Menos de 2 horas;9;10;11;5,5;
Português;417;2;2 a 5 horas;16;18;18;9;
Português;418;3;5 a 10 horas;14;17;17;8,5;
Português;419;1;Menos de 2 horas;13;14;14;7;
Português;420;1;Menos de 2 horas;7;11;11;5,5;
Português;421;2;2 a 5 horas;14;17;17;8,5;
Português;422;1;Menos de 2 horas;8;10;10;5;
Português;423;2;2 a 5 horas;10;13;13;6,5;
Português;424;1;Menos de 2 horas;10;11;11;5,5;
Português;425;2;2 a 5 horas;12;12;12;6;
Português;426;1;Menos de 2 horas;10;10;10;5;
Português;427;1;Menos de 2 horas;10;10;11;5,5;
Português;428;2;2 a 5 horas;16;17;17;8,5;
Português;429;1;Menos de 2 horas;6;8;9;4,5;
Português;430;2;2 a 5 horas;10;11;11;5,5;
Português;431;3;5 a 10 horas;10;11;11;5,5;
Português;432;2;2 a 5 horas;10;10;10;5;
Português;433;1;Menos de 2 horas;6;6;7;3,5;
Português;434;1;Menos de 2 horas;13;14;14;7;
Português;435;4;Mais de 10 horas;10;9;11;5,5;
Português;436;2;2 a 5 horas;10;10;10;5;
Português;437;1;Menos de 2 horas;6;7;8;4;
Português;438;1;Menos de 2 horas;12;11;12;6;
Português;439;1;Menos de 2 horas;10;11;12;6;
Português;440;1;Menos de 2 horas;14;16;16;8;
Português;441;2;2 a 5 horas;7;0;0;0;
Português;442;2;2 a 5 horas;8;9;9;4,5;
Português;443;2;2 a 5 horas;12;13;14;7;
Português;444;2;2 a 5 horas;7;9;8;4;
Português;445;2;2 a 5 horas;9;10;11;5,5;
Português;446;2;2 a 5 horas;7;9;9;4,5;
Português;447;2;2 a 5 horas;11;11;11;5,5;
Português;448;1;Menos de 2 horas;8;10;9;4,5;
Português;449;3;5 a 10 horas;16;16;17;8,5;
Português;450;1;Menos de 2 horas;11;13;13;6,5;
Português;451;2;2 a 5 horas;15;15;15;7,5;
Português;452;2;2 a 5 horas;10;11;11;5,5;
Português;453;2;2 a 5 horas;9;10;11;5,5;
Português;454;3;5 a 10 horas;10;8;8;4;
Português;455;3;5 a 10 horas;9;8;8;4;
Português;456;2;2 a 5 horas;9;10;9;4,5;
Português;457;2;2 a 5 horas;13;14;15;7,5;
Português;458;1;Menos de 2 horas;10;11;11;5,5;
Português;459;4;Mais de 10 horas;13;10;13;6,5;
Português;460;3;5 a 10 horas;10;9;10;5;
Português;461;2;2 a 5 horas;11;10;11;5,5;
Português;462;1;Menos de 2 horas;13;12;14;7;
Português;463;2;2 a 5 horas;13;14;14;7;
Português;464;3;5 a 10 horas;14;11;12;6;
Português;465;1;Menos de 2 horas;11;11;11;5,5;
Português;466;2;2 a 5 horas;9;8;8;4;
Português;467;1;Menos de 2 horas;10;9;11;5,5;
Português;468;2;2 a 5 horas;14;13;14;7;
Português;469;1;Menos de 2 horas;13;12;13;6,5;
Português;470;2;2 a 5 horas;13;12;13;6,5;
Português;471;2;2 a 5 horas;13;12;12;6;
Português;472;2;2 a 5 horas;12;11;12;6;
Português;473;1;Menos de 2 horas;14;14;16;8;
Português;474;1;Menos de 2 horas;10;8;10;5;
Português;475;1;Menos de 2 horas;10;11;11;5,5;
Português;476;3;5 a 10 horas;12;13;14;7;
Português;477;1;Menos de 2 horas;10;8;8;4;
Português;478;1;Menos de 2 horas;12;10;11;5,5;
Português;479;2;2 a 5 horas;7;7;8;4;
Português;480;1;Menos de 2 horas;9;9;10;5;
Português;481;1;Menos de 2 horas;9;9;10;5;
Português;482;1;Menos de 2 horas;9;10;11;5,5;
Português;483;1;Menos de 2 horas;9;10;9;4,5;
Português;484;2;2 a 5 horas;9;10;11;5,5;
Português;485;1;Menos de 2 horas;7;7;8;4;
Português;486;2;2 a 5 horas;11;10;11;5,5;
Português;487;1;Menos de 2 horas;9;10;10;5;
Português;488;3;5 a 10 horas;7;9;10;5;
Português;489;3;5 a 10 horas;7;9;9;4,5;
Português;490;1;Menos de 2 horas;8;9;10;5;
Português;491;1;Menos de 2 horas;9;11;10;5;
Português;492;2;2 a 5 horas;7;8;9;4,5;
Português;493;2;2 a 5 horas;8;10;10;5;
Português;494;1;Menos de 2 horas;9;9;10;5;
Português;495;2;2 a 5 horas;8;9;9;4,5;
Português;496;1;Menos de 2 horas;14;13;13;6,5;
Português;497;1;Menos de 2 horas;14;14;14;7;
Português;498;4;Mais de 10 horas;10;11;10;5;
Português;499;2;2 a 5 horas;14;13;14;7;
Português;500;1;Menos de 2 horas;17;16;16;8;
Português;501;1;Menos de 2 horas;6;7;7;3,5;
Português;502;1;Menos de 2 horas;14;12;13;6,5;
Português;503;4;Mais de 10 horas;10;8;9;4,5;
Português;504;4;Mais de 10 horas;14;14;14;7;
Português;505;3;5 a 10 horas;12;13;13;6,5;
Português;506;1;Menos de 2 horas;11;11;11;5,5;
Português;507;2;2 a 5 horas;11;9;10;5;
Português;508;3;5 a 10 horas;11;11;10;5;
Português;509;1;Menos de 2 horas;10;9;9;4,5;
Português;510;2;2 a 5 horas;16;17;18;9;
Português;511;2;2 a 5 horas;15;17;17;8,5;
Português;512;2;2 a 5 horas;11;9;10;5;
Português;513;2;2 a 5 horas;7;7;7;3,5;
Português;514;1;Menos de 2 horas;8;6;8;4;
Português;515;1;Menos de 2 horas;7;6;7;3,5;
Português;516;2;2 a 5 horas;9;8;10;5;
Português;517;2;2 a 5 horas;14;16;16;8;
Português;518;1;Menos de 2 horas;14;14;15;7,5;
Português;519;2;2 a 5 horas;8;5;8;4;
Português;520;2;2 a 5 horas;8;7;0;0;
Português;521;2;2 a 5 horas;6;8;8;4;
Português;522;2;2 a 5 horas;8;10;10;5;
Português;523;2;2 a 5 horas;8;8;8;4;
Português;524;4;Mais de 10 horas;5;6;6;3;
Português;525;2;2 a 5 horas;7;9;8;4;
Português;526;3;5 a 10 horas;15;14;16;8;
Português;527;1;Menos de 2 horas;13;14;14;7;
Português;528;3;5 a 10 horas;10;9;10;5;
Português;529;1;Menos de 2 horas;9;9;9;4,5;
Português;530;1;Menos de 2 horas;11;11;11;5,5;
Português;531;1;Menos de 2 horas;7;10;9;4,5;
Português;532;2;2 a 5 horas;10;10;10;5;
Português;533;2;2 a 5 horas;9;7;8;4;
Português;534;2;2 a 5 horas;14;15;16;8;
Português;535;1;Menos de 2 horas;11;12;12;6;
Português;536;2;2 a 5 horas;9;11;10;5;
Português;537;4;Mais de 10 horas;13;14;14;7;
Português;538;1;Menos de 2 horas;12;13;12;6;
Português;539;3;5 a 10 horas;11;11;11;5,5;
Português;540;2;2 a 5 horas;9;10;10;5;
Português;541;1;Menos de 2 horas;9;11;11;5,5;
Português;542;2;2 a 5 horas;11;9;11;5,5;
Português;543;3;5 a 10 horas;10;11;12;6;
Português;544;1;Menos de 2 horas;9;9;8;4;
Português;545;1;Menos de 2 horas;12;11;12;6;
Português;546;2;2 a 5 horas;8;9;8;4;
Português;547;2;2 a 5 horas;13;15;16;8;
Português;548;1;Menos de 2 horas;10;11;11;5,5;
Português;549;2;2 a 5 horas;11;10;11;5,5;
Português;550;2;2 a 5 horas;17;18;18;9;
Português;551;2;2 a 5 horas;12;13;13;6,5;
Português;552;2;2 a 5 horas;13;14;13;6,5;
Português;553;2;2 a 5 horas;9;9;10;5;
Português;554;1;Menos de 2 horas;11;11;12;6;
Português;555;1;Menos de 2 horas;10;11;10;5;
Português;556;3;5 a 10 horas;13;14;13;6,5;
Português;557;1;Menos de 2 horas;9;10;11;5,5;
Português;558;2;2 a 5 horas;7;9;10;5;
Português;559;1;Menos de 2 horas;8;13;10;5;
Português;560;1;Menos de 2 horas;12;12;13;6,5;
Português;561;1;Menos de 2 horas;10;9;10;5;
Português;562;2;2 a 5 horas;10;9;10;5;
Português;563;2;2 a 5 horas;11;13;12;6;
Português;564;1;Menos de 2 horas;7;0;0;0;
Português;565;1;Menos de 2 horas;11;9;10;5;
Português;566;1;Menos de 2 horas;10;10;9;4,5;
Português;567;1;Menos de 2 horas;9;7;9;4,5;
Português;568;1;Menos de 2 horas;4;0;0;0;
Português;569;1;Menos de 2 horas;6;11;9;4,5;
Português;570;2;2 a 5 horas;4;8;8;4;
Português;571;1;Menos de 2 horas;7;8;8;4;
Português;572;1;Menos de 2 horas;8;9;9;4,5;
Português;573;2;2 a 5 horas;5;5;7;3,5;
Português;574;1;Menos de 2 horas;7;9;10;5;
Português;575;1;Menos de 2 horas;8;11;10;5;
Português;576;1;Menos de 2 horas;10;11;10;5;
Português;577;1;Menos de 2 horas;9;10;11;5,5;
Português;578;2;2 a 5 horas;10;9;11;5,5;
Português;579;2;2 a 5 horas;8;9;10;5;
Português;580;1;Menos de 2 horas;9;10;9;4,5;
Português;581;1;Menos de 2 horas;8;9;10;5;
Português;582;2;2 a 5 horas;6;8;8;4;
Português;583;1;Menos de 2 horas;6;8;7;3,5;
Português;584;1;Menos de 2 horas;8;6;0;0;
Português;585;1;Menos de 2 horas;10;11;11;5,5;
Português;586;3;5 a 10 horas;8;7;8;4;
Português;587;2;2 a 5 horas;8;8;0;0;
Português;588;2;2 a 5 horas;7;6;8;4;
Português;589;1;Menos de 2 horas;8;10;9;4,5;
Português;590;1;Menos de 2 horas;7;10;10;5;
Português;591;2;2 a 5 horas;7;8;7;3,5;
Português;592;2;2 a 5 horas;12;13;14;7;
Português;593;1;Menos de 2 horas;11;12;13;6,5;
Português;594;2;2 a 5 horas;12;13;14;7;
Português;595;2;2 a 5 horas;18;18;18;9;
Português;596;1;Menos de 2 horas;17;17;17;8,5;
Português;597;2;2 a 5 horas;17;18;18;9;
Português;598;2;2 a 5 horas;9;0;0;0;
Português;599;1;Menos de 2 horas;10;11;11;5,5;
Português;600;1;Menos de 2 horas;12;13;14;7;
Português;601;1;Menos de 2 horas;12;13;14;7;
Português;602;2;2 a 5 horas;8;8;10;5;
Português;603;3;5 a 10 horas;11;12;13;6,5;
Português;604;2;2 a 5 horas;5;0;0;0;
Português;605;2;2 a 5 horas;9;10;10;5;
Português;606;1;Menos de 2 horas;5;0;0;0;
Português;607;4;Mais de 10 horas;18;18;18;9;
Português;608;2;2 a 5 horas;11;11;12;6;
Português;609;2;2 a 5 horas;8;10;11;5,5;
Português;610;2;2 a 5 horas;11;11;12;6;
Português;611;2;2 a 5 horas;8;0;0;0;
Português;612;3;5 a 10 horas;14;14;15;7,5;
Português;613;2;2 a 5 horas;10;11;11;5,5;
Português;614;2;2 a 5 horas;10;10;10;5;
Português;615;2;2 a 5 horas;12;12;12;6;
Português;616;2;2 a 5 horas;15;14;15;7,5;
Português;617;1;Menos de 2 horas;14;13;14;7;
Português;618;3;5 a 10 horas;19;17;18;9;
Português;619;2;2 a 5 horas;16;15;15;7,5;
Português;620;2;2 a 5 horas;13;12;13;6,5;
Português;621;2;2 a 5 horas;15;14;15;7,5;
Português;622;2;2 a 5 horas;13;13;13;6,5;
Português;623;2;2 a 5 horas;8;10;9;4,5;
Português;624;3;5 a 10 horas;15;16;16;8;
Português;625;1;Menos de 2 horas;8;8;9;4,5;
Português;626;1;Menos de 2 horas;10;10;10;5;
Português;627;2;2 a 5 horas;7;5;0;0;
Português;628;1;Menos de 2 horas;9;10;10;5;
Português;629;3;5 a 10 horas;10;11;12;6;
Português;630;1;Menos de 2 horas;7;8;9;4,5;
Português;631;3;5 a 10 horas;15;17;17;8,5;
Português;632;3;5 a 10 horas;10;11;12;6;
Português;633;2;2 a 5 horas;7;8;9;4,5;
Português;634;2;2 a 5 horas;13;14;14;7;
Português;635;2;2 a 5 horas;16;16;16;8;
Português;636;2;2 a 5 horas;8;9;9;4,5;
Português;637;2;2 a 5 horas;17;18;19;9,5;
Português;638;1;Menos de 2 horas;7;7;0;0;
Português;639;2;2 a 5 horas;14;15;16;8;
Português;640;1;Menos de 2 horas;5;8;0;0;
Português;641;1;Menos de 2 horas;7;7;0;0;
Português;642;3;5 a 10 horas;14;17;15;7,5;
Português;643;2;2 a 5 horas;6;9;11;5,5;
Português;644;1;Menos de 2 horas;7;9;10;5;
Português;645;3;5 a 10 horas;10;11;10;5;
Português;646;2;2 a 5 horas;15;15;16;8;
Português;647;2;2 a 5 horas;11;12;9;4,5;
Português;648;1;Menos de 2 horas;10;10;10;5;
Português;649;1;Menos de 2 horas;10;11;11;5,5;
Matemática;1;2;2 a 5 horas;5;6;6;3;
Matemática;2;2;2 a 5 horas;5;5;6;3;
Matemática;3;2;2 a 5 horas;7;8;10;5;
Matemática;4;3;5 a 10 horas;15;14;15;7,5;
Matemática;5;2;2 a 5 horas;6;10;10;5;
Matemática;6;2;2 a 5 horas;15;15;15;7,5;
Matemática;7;2;2 a 5 horas;12;12;11;5,5;
Matemática;8;2;2 a 5 horas;6;5;6;3;
Matemática;9;2;2 a 5 horas;16;18;19;9,5;
Matemática;10;2;2 a 5 horas;14;15;15;7,5;
Matemática;11;2;2 a 5 horas;10;8;9;4,5;
Matemática;12;3;5 a 10 horas;10;12;12;6;
Matemática;13;1;Menos de 2 horas;14;14;14;7;
Matemática;14;2;2 a 5 horas;10;10;11;5,5;
Matemática;15;3;5 a 10 horas;14;16;16;8;
Matemática;16;1;Menos de 2 horas;14;14;14;7;
Matemática;17;3;5 a 10 horas;13;14;14;7;
Matemática;18;2;2 a 5 horas;8;10;10;5;
Matemática;19;1;Menos de 2 horas;6;5;5;2,5;
Matemática;20;1;Menos de 2 horas;8;10;10;5;
Matemática;21;2;2 a 5 horas;13;14;15;7,5;
Matemática;22;1;Menos de 2 horas;12;15;15;7,5;
Matemática;23;2;2 a 5 horas;15;15;16;8;
Matemática;24;2;2 a 5 horas;13;13;12;6;
Matemática;25;3;5 a 10 horas;10;9;8;4;
Matemática;26;1;Menos de 2 horas;6;9;8;4;
Matemática;27;1;Menos de 2 horas;12;12;11;5,5;
Matemática;28;1;Menos de 2 horas;15;16;15;7,5;
Matemática;29;2;2 a 5 horas;11;11;11;5,5;
Matemática;30;2;2 a 5 horas;10;12;11;5,5;
Matemática;31;2;2 a 5 horas;9;11;12;6;
Matemática;32;2;2 a 5 horas;17;16;17;8,5;
Matemática;33;2;2 a 5 horas;17;16;16;8;
Matemática;34;2;2 a 5 horas;8;10;12;6;
Matemática;35;1;Menos de 2 horas;12;14;15;7,5;
Matemática;36;1;Menos de 2 horas;8;7;6;3;
Matemática;37;3;5 a 10 horas;15;16;18;9;
Matemática;38;3;5 a 10 horas;15;16;15;7,5;
Matemática;39;3;5 a 10 horas;12;12;11;5,5;
Matemática;40;1;Menos de 2 horas;14;13;13;6,5;
Matemática;41;2;2 a 5 horas;7;10;11;5,5;
Matemática;42;1;Menos de 2 horas;12;12;12;6;
Matemática;43;2;2 a 5 horas;19;18;18;9;
Matemática;44;1;Menos de 2 horas;8;8;11;5,5;
Matemática;45;2;2 a 5 horas;10;10;9;4,5;
Matemática;46;2;2 a 5 horas;8;8;6;3;
Matemática;47;2;2 a 5 horas;11;12;11;5,5;
Matemática;48;4;Mais de 10 horas;19;19;20;10;
Matemática;49;2;2 a 5 horas;15;15;14;7;
Matemática;50;2;2 a 5 horas;7;7;7;3,5;
Matemática;51;2;2 a 5 horas;12;13;13;6,5;
Matemática;52;2;2 a 5 horas;11;13;13;6,5;
Matemática;53;1;Menos de 2 horas;11;11;10;5;
Matemática;54;1;Menos de 2 horas;8;10;11;5,5;
Matemática;55;1;Menos de 2 horas;10;13;13;6,5;
Matemática;56;2;2 a 5 horas;8;9;10;5;
Matemática;57;2;2 a 5 horas;14;15;15;7,5;
Matemática;58;2;2 a 5 horas;14;15;15;7,5;
Matemática;59;2;2 a 5 horas;9;10;9;4,5;
Matemática;60;2;2 a 5 horas;15;16;16;8;
Matemática;61;2;2 a 5 horas;10;11;11;5,5;
Matemática;62;1;Menos de 2 horas;10;8;11;5,5;
Matemática;63;2;2 a 5 horas;8;10;9;4,5;
Matemática;64;3;5 a 10 horas;10;9;9;4,5;
Matemática;65;2;2 a 5 horas;10;10;10;5;
Matemática;66;2;2 a 5 horas;16;15;15;7,5;
Matemática;67;4;Mais de 10 horas;13;13;12;6;
Matemática;68;4;Mais de 10 horas;7;7;6;3;
Matemática;69;2;2 a 5 horas;8;9;8;4;
Matemática;70;4;Mais de 10 horas;16;16;16;8;
Matemática;71;4;Mais de 10 horas;13;15;15;7,5;
Matemática;72;4;Mais de 10 horas;10;10;10;5;
Matemática;73;2;2 a 5 horas;8;6;5;2,5;
Matemática;74;1;Menos de 2 horas;12;12;14;7;
Matemática;75;2;2 a 5 horas;11;12;11;5,5;
Matemática;76;2;2 a 5 horas;9;9;10;5;
Matemática;77;4;Mais de 10 horas;11;11;10;5;
Matemática;78;4;Mais de 10 horas;11;11;11;5,5;
Matemática;79;1;Menos de 2 horas;8;8;10;5;
Matemática;80;2;2 a 5 horas;5;5;5;2,5;
Matemática;81;1;Menos de 2 horas;10;12;12;6;
Matemática;82;3;5 a 10 horas;11;10;11;5,5;
Matemática;83;2;2 a 5 horas;7;6;6;3;
Matemática;84;2;2 a 5 horas;15;15;15;7,5;
Matemática;85;2;2 a 5 horas;9;10;10;5;
Matemática;86;2;2 a 5 horas;7;9;8;4;
Matemática;87;2;2 a 5 horas;8;7;6;3;
Matemática;88;3;5 a 10 horas;13;14;14;7;
Matemática;89;2;2 a 5 horas;11;10;10;5;
Matemática;90;2;2 a 5 horas;8;6;7;3,5;
Matemática;91;3;5 a 10 horas;7;7;8;4;
Matemática;92;1;Menos de 2 horas;16;17;18;9;
Matemática;93;2;2 a 5 horas;7;6;6;3;
Matemática;94;2;2 a 5 horas;11;10;10;5;
Matemática;95;4;Mais de 10 horas;11;13;14;7;
Matemática;96;4;Mais de 10 horas;7;10;10;5;
Matemática;97;1;Menos de 2 horas;11;15;15;7,5;
Matemática;98;2;2 a 5 horas;8;9;10;5;
Matemática;99;1;Menos de 2 horas;11;14;14;7;
Matemática;100;3;5 a 10 horas;7;9;8;4;
Matemática;101;1;Menos de 2 horas;7;7;5;2,5;
Matemática;102;3;5 a 10 horas;16;17;17;8,5;
Matemática;103;1;Menos de 2 horas;10;13;14;7;
Matemática;104;2;2 a 5 horas;7;6;6;3;
Matemática;105;2;2 a 5 horas;16;18;18;9;
Matemática;106;4;Mais de 10 horas;10;11;11;5,5;
Matemática;107;4;Mais de 10 horas;7;8;8;4;
Matemática;108;3;5 a 10 horas;16;18;18;9;
Matemática;109;4;Mais de 10 horas;10;13;13;6,5;
Matemática;110;3;5 a 10 horas;14;15;16;8;
Matemática;111;1;Menos de 2 horas;18;19;19;9,5;
Matemática;112;3;5 a 10 horas;7;10;10;5;
Matemática;113;2;2 a 5 horas;10;13;13;6,5;
Matemática;114;1;Menos de 2 horas;18;19;19;9,5;
Matemática;115;2;2 a 5 horas;9;9;9;4,5;
Matemática;116;2;2 a 5 horas;15;15;16;8;
Matemática;117;2;2 a 5 horas;11;13;14;7;
Matemática;118;1;Menos de 2 horas;13;14;13;6,5;
Matemática;119;2;2 a 5 horas;9;7;8;4;
Matemática;120;1;Menos de 2 horas;14;13;13;6,5;
Matemática;121;2;2 a 5 horas;16;15;15;7,5;
Matemática;122;4;Mais de 10 horas;16;14;15;7,5;
Matemática;123;2;2 a 5 horas;13;13;13;6,5;
Matemática;124;1;Menos de 2 horas;14;11;13;6,5;
Matemática;125;2;2 a 5 horas;8;7;8;4;
Matemática;126;1;Menos de 2 horas;13;13;12;6;
Matemática;127;2;2 a 5 horas;7;10;11;5,5;
Matemática;128;2;2 a 5 horas;7;8;9;4,5;
Matemática;129;1;Menos de 2 horas;7;4;0;0;
Matemática;130;1;Menos de 2 horas;18;18;18;9;
Matemática;131;3;5 a 10 horas;12;0;0;0;
Matemática;132;1;Menos de 2 horas;8;0;0;0;
Matemática;133;1;Menos de 2 horas;10;13;12;6;
Matemática;134;1;Menos de 2 horas;12;11;11;5,5;
Matemática;135;2;2 a 5 horas;9;0;0;0;
Matemática;136;3;5 a 10 horas;11;0;0;0;
Matemática;137;2;2 a 5 horas;10;0;0;0;
Matemática;138;1;Menos de 2 horas;4;0;0;0;
Matemática;139;2;2 a 5 horas;14;12;12;6;
Matemática;140;1;Menos de 2 horas;16;16;15;7,5;
Matemática;141;4;Mais de 10 horas;7;9;0;0;
Matemática;142;1;Menos de 2 horas;9;9;9;4,5;
Matemática;143;3;5 a 10 horas;9;11;11;5,5;
Matemática;144;1;Menos de 2 horas;14;14;13;6,5;
Matemática;145;1;Menos de 2 horas;5;0;0;0;
Matemática;146;2;2 a 5 horas;8;11;11;5,5;
Matemática;147;2;2 a 5 horas;6;7;0;0;
Matemática;148;2;2 a 5 horas;10;11;11;5,5;
Matemática;149;1;Menos de 2 horas;7;6;0;0;
Matemática;150;1;Menos de 2 horas;8;9;10;5;
Matemática;151;1;Menos de 2 horas;6;5;0;0;
Matemática;152;1;Menos de 2 horas;12;13;14;7;
Matemática;153;3;5 a 10 horas;10;10;10;5;
Matemática;154;1;Menos de 2 horas;5;0;0;0;
Matemática;155;1;Menos de 2 horas;11;11;12;6;
Matemática;156;2;2 a 5 horas;11;8;8;4;
Matemática;157;1;Menos de 2 horas;16;12;13;6,5;
Matemática;158;1;Menos de 2 horas;9;8;10;5;
Matemática;159;1;Menos de 2 horas;17;15;15;7,5;
Matemática;160;2;2 a 5 horas;10;12;12;6;
Matemática;161;1;Menos de 2 horas;7;6;0;0;
Matemática;162;2;2 a 5 horas;5;9;7;3,5;
Matemática;163;1;Menos de 2 horas;7;0;0;0;
Matemática;164;1;Menos de 2 horas;10;10;10;5;
Matemática;165;2;2 a 5 horas;5;8;7;3,5;
Matemática;166;1;Menos de 2 horas;12;11;12;6;
Matemática;167;2;2 a 5 horas;10;10;10;5;
Matemática;168;2;2 a 5 horas;14;15;16;8;
Matemática;169;2;2 a 5 horas;6;7;0;0;
Matemática;170;2;2 a 5 horas;14;14;14;7;
Matemática;171;1;Menos de 2 horas;6;5;0;0;
Matemática;172;2;2 a 5 horas;13;15;16;8;
Matemática;173;2;2 a 5 horas;13;11;10;5;
Matemática;174;2;2 a 5 horas;8;7;0;0;
Matemática;175;2;2 a 5 horas;10;11;9;4,5;
Matemática;176;2;2 a 5 horas;10;9;9;4,5;
Matemática;177;2;2 a 5 horas;13;13;11;5,5;
Matemática;178;2;2 a 5 horas;6;5;6;3;
Matemática;179;1;Menos de 2 horas;10;8;9;4,5;
Matemática;180;2;2 a 5 horas;10;10;11;5,5;
Matemática;181;2;2 a 5 horas;9;8;8;4;
Matemática;182;2;2 a 5 horas;12;13;12;6;
Matemática;183;2;2 a 5 horas;16;17;17;8,5;
Matemática;184;2;2 a 5 horas;9;9;8;4;
Matemática;185;2;2 a 5 horas;12;13;12;6;
Matemática;186;2;2 a 5 horas;12;12;11;5,5;
Matemática;187;1;Menos de 2 horas;11;12;11;5,5;
Matemática;188;2;2 a 5 horas;15;15;15;7,5;
Matemática;189;2;2 a 5 horas;8;7;9;4,5;
Matemática;190;2;2 a 5 horas;8;9;10;5;
Matemática;191;2;2 a 5 horas;11;12;13;6,5;
Matemática;192;2;2 a 5 horas;8;8;9;4,5;
Matemática;193;2;2 a 5 horas;7;8;8;4;
Matemática;194;1;Menos de 2 horas;8;9;10;5;
Matemática;195;1;Menos de 2 horas;13;14;14;7;
Matemática;196;2;2 a 5 horas;14;15;15;7,5;
Matemática;197;1;Menos de 2 horas;17;15;16;8;
Matemática;198;1;Menos de 2 horas;9;9;10;5;
Matemática;199;1;Menos de 2 horas;18;18;18;9;
Matemática;200;2;2 a 5 horas;9;9;10;5;
Matemática;201;2;2 a 5 horas;16;16;16;8;
Matemática;202;2;2 a 5 horas;8;10;10;5;
Matemática;203;2;2 a 5 horas;9;9;10;5;
Matemática;204;1;Menos de 2 horas;7;6;6;3;
Matemática;205;4;Mais de 10 horas;10;10;11;5,5;
Matemática;206;3;5 a 10 horas;10;9;9;4,5;
Matemática;207;2;2 a 5 horas;7;7;7;3,5;
Matemática;208;2;2 a 5 horas;11;12;13;6,5;
Matemática;209;1;Menos de 2 horas;9;9;10;5;
Matemática;210;3;5 a 10 horas;7;7;7;3,5;
Matemática;211;4;Mais de 10 horas;8;8;8;4;
Matemática;212;2;2 a 5 horas;12;12;13;6,5;
Matemática;213;2;2 a 5 horas;12;13;14;7;
Matemática;214;2;2 a 5 horas;6;7;8;4;
Matemática;215;1;Menos de 2 horas;8;10;10;5;
Matemática;216;2;2 a 5 horas;14;15;15;7,5;
Matemática;217;2;2 a 5 horas;6;6;4;2;
Matemática;218;2;2 a 5 horas;6;6;8;4;
Matemática;219;1;Menos de 2 horas;7;7;8;4;
Matemática;220;3;5 a 10 horas;9;10;10;5;
Matemática;221;2;2 a 5 horas;6;6;6;3;
Matemática;222;3;5 a 10 horas;6;5;0;0;
Matemática;223;2;2 a 5 horas;16;16;17;8,5;
Matemática;224;2;2 a 5 horas;12;13;13;6,5;
Matemática;225;3;5 a 10 horas;13;13;14;7;
Matemática;226;2;2 a 5 horas;9;8;7;3,5;
Matemática;227;2;2 a 5 horas;16;15;15;7,5;
Matemática;228;2;2 a 5 horas;12;11;12;6;
Matemática;229;2;2 a 5 horas;10;8;9;4,5;
Matemática;230;3;5 a 10 horas;12;10;12;6;
Matemática;231;2;2 a 5 horas;13;13;14;7;
Matemática;232;2;2 a 5 horas;11;11;11;5,5;
Matemática;233;2;2 a 5 horas;11;9;9;4,5;
Matemática;234;2;2 a 5 horas;14;13;13;6,5;
Matemática;235;2;2 a 5 horas;9;7;6;3;
Matemática;236;3;5 a 10 horas;11;9;10;5;
Matemática;237;2;2 a 5 horas;14;13;13;6,5;
Matemática;238;1;Menos de 2 horas;13;12;12;6;
Matemática;239;2;2 a 5 horas;13;11;11;5,5;
Matemática;240;2;2 a 5 horas;7;7;0;0;
Matemática;241;2;2 a 5 horas;12;12;12;6;
Matemática;242;2;2 a 5 horas;10;11;12;6;
Matemática;243;1;Menos de 2 horas;6;0;0;0;
Matemática;244;1;Menos de 2 horas;13;12;12;6;
Matemática;245;3;5 a 10 horas;7;0;0;0;
Matemática;246;1;Menos de 2 horas;18;18;18;9;
Matemática;247;1;Menos de 2 horas;12;12;13;6,5;
Matemática;248;1;Menos de 2 horas;6;8;8;4;
Matemática;249;2;2 a 5 horas;3;5;5;2,5;
Matemática;250;1;Menos de 2 horas;13;15;15;7,5;
Matemática;251;1;Menos de 2 horas;6;8;8;4;
Matemática;252;2;2 a 5 horas;7;10;10;5;
Matemática;253;1;Menos de 2 horas;6;9;8;4;
Matemática;254;1;Menos de 2 horas;8;9;8;4;
Matemática;255;1;Menos de 2 horas;8;12;12;6;
Matemática;256;1;Menos de 2 horas;7;9;8;4;
Matemática;257;4;Mais de 10 horas;14;12;13;6,5;
Matemática;258;2;2 a 5 horas;11;11;11;5,5;
Matemática;259;2;2 a 5 horas;15;14;14;7;
Matemática;260;4;Mais de 10 horas;10;9;0;0;
Matemática;261;2;2 a 5 horas;17;18;18;9;
Matemática;262;2;2 a 5 horas;8;8;8;4;
Matemática;263;3;5 a 10 horas;13;12;12;6;
Matemática;264;3;5 a 10 horas;10;9;9;4,5;
Matemática;265;3;5 a 10 horas;9;10;0;0;
Matemática;266;2;2 a 5 horas;17;17;17;8,5;
Matemática;267;2;2 a 5 horas;9;9;10;5;
Matemática;268;2;2 a 5 horas;12;10;11;5,5;
Matemática;269;2;2 a 5 horas;10;9;10;5;
Matemática;270;2;2 a 5 horas;6;0;0;0;
Matemática;271;2;2 a 5 horas;9;9;9;4,5;
Matemática;272;4;Mais de 10 horas;15;14;14;7;
Matemática;273;2;2 a 5 horas;11;11;11;5,5;
Matemática;274;2;2 a 5 horas;15;14;14;7;
Matemática;275;2;2 a 5 horas;10;10;10;5;
Matemática;276;2;2 a 5 horas;12;12;12;6;
Matemática;277;2;2 a 5 horas;10;9;9;4,5;
Matemática;278;1;Menos de 2 horas;9;9;9;4,5;
Matemática;279;2;2 a 5 horas;9;8;8;4;
Matemática;280;1;Menos de 2 horas;10;11;10;5;
Matemática;281;1;Menos de 2 horas;8;8;8;4;
Matemática;282;1;Menos de 2 horas;11;9;10;5;
Matemática;283;4;Mais de 10 horas;12;12;12;6;
Matemática;284;2;2 a 5 horas;8;9;10;5;
Matemática;285;2;2 a 5 horas;10;9;11;5,5;
Matemática;286;2;2 a 5 horas;12;10;11;5,5;
Matemática;287;3;5 a 10 horas;18;18;19;9,5;
Matemática;288;3;5 a 10 horas;13;12;12;6;
Matemática;289;3;5 a 10 horas;15;14;14;7;
Matemática;290;2;2 a 5 horas;15;13;15;7,5;
Matemática;291;2;2 a 5 horas;12;11;11;5,5;
Matemática;292;3;5 a 10 horas;15;15;15;7,5;
Matemática;293;2;2 a 5 horas;12;12;13;6,5;
Matemática;294;4;Mais de 10 horas;18;18;18;9;
Matemática;295;3;5 a 10 horas;14;13;14;7;
Matemática;296;1;Menos de 2 horas;14;12;11;5,5;
Matemática;297;2;2 a 5 horas;10;9;0;0;
Matemática;298;2;2 a 5 horas;10;8;8;4;
Matemática;299;4;Mais de 10 horas;14;13;14;7;
Matemática;300;1;Menos de 2 horas;16;15;16;8;
Matemática;301;2;2 a 5 horas;12;10;11;5,5;
Matemática;302;1;Menos de 2 horas;11;11;10;5;
Matemática;303;3;5 a 10 horas;15;12;14;7;
Matemática;304;4;Mais de 10 horas;17;17;18;9;
Matemática;305;2;2 a 5 horas;15;14;13;6,5;
Matemática;306;2;2 a 5 horas;14;12;12;6;
Matemática;307;1;Menos de 2 horas;17;18;18;9;
Matemática;308;1;Menos de 2 horas;8;9;8;4;
Matemática;309;2;2 a 5 horas;15;12;12;6;
Matemática;310;2;2 a 5 horas;12;10;10;5;
Matemática;311;2;2 a 5 horas;9;9;0;0;
Matemática;312;2;2 a 5 horas;14;12;13;6,5;
Matemática;313;2;2 a 5 horas;13;11;11;5,5;
Matemática;314;2;2 a 5 horas;13;10;11;5,5;
Matemática;315;3;5 a 10 horas;15;13;13;6,5;
Matemática;316;3;5 a 10 horas;13;11;11;5,5;
Matemática;317;2;2 a 5 horas;8;8;0;0;
Matemática;318;3;5 a 10 horas;9;10;9;4,5;
Matemática;319;3;5 a 10 horas;11;11;10;5;
Matemática;320;2;2 a 5 horas;11;11;11;5,5;
Matemática;321;2;2 a 5 horas;13;13;13;6,5;
Matemática;322;2;2 a 5 horas;11;9;9;4,5;
Matemática;323;3;5 a 10 horas;11;11;11;5,5;
Matemática;324;3;5 a 10 horas;12;14;15;7,5;
Matemática;325;3;5 a 10 horas;16;15;15;7,5;
Matemática;326;3;5 a 10 horas;9;12;11;5,5;
Matemática;327;1;Menos de 2 horas;14;15;16;8;
Matemática;328;1;Menos de 2 horas;11;10;10;5;
Matemática;329;3;5 a 10 horas;10;9;9;4,5;
Matemática;330;3;5 a 10 horas;14;14;14;7;
Matemática;331;4;Mais de 10 horas;9;8;8;4;
Matemática;332;3;5 a 10 horas;12;14;14;7;
Matemática;333;2;2 a 5 horas;7;0;0;0;
Matemática;334;2;2 a 5 horas;8;8;0;0;
Matemática;335;4;Mais de 10 horas;10;9;0;0;
Matemática;336;3;5 a 10 horas;16;15;15;7,5;
Matemática;337;3;5 a 10 horas;14;13;13;6,5;
Matemática;338;2;2 a 5 horas;7;8;0;0;
Matemática;339;4;Mais de 10 horas;16;15;17;8,5;
Matemática;340;2;2 a 5 horas;9;10;10;5;
Matemática;341;3;5 a 10 horas;11;12;11;5,5;
Matemática;342;2;2 a 5 horas;10;10;0;0;
Matemática;343;2;2 a 5 horas;16;15;15;7,5;
Matemática;344;2;2 a 5 horas;9;8;0;0;
Matemática;345;3;5 a 10 horas;11;10;10;5;
Matemática;346;3;5 a 10 horas;13;13;14;7;
Matemática;347;3;5 a 10 horas;16;15;16;8;
Matemática;348;3;5 a 10 horas;10;10;9;4,5;
Matemática;349;3;5 a 10 horas;13;15;15;7,5;
Matemática;350;1;Menos de 2 horas;11;13;13;6,5;
Matemática;351;2;2 a 5 horas;8;7;8;4;
Matemática;352;2;2 a 5 horas;13;13;13;6,5;
Matemática;353;1;Menos de 2 horas;8;7;8;4;
Matemática;354;1;Menos de 2 horas;8;8;8;4;
Matemática;355;2;2 a 5 horas;13;11;11;5,5;
Matemática;356;2;2 a 5 horas;10;9;9;4,5;
Matemática;357;2;2 a 5 horas;12;13;13;6,5;
Matemática;358;2;2 a 5 horas;12;12;11;5,5;
Matemática;359;1;Menos de 2 horas;10;10;10;5;
Matemática;360;3;5 a 10 horas;18;16;16;8;
Matemática;361;2;2 a 5 horas;13;13;13;6,5;
Matemática;362;2;2 a 5 horas;13;12;12;6;
Matemática;363;2;2 a 5 horas;11;11;10;5;
Matemática;364;2;2 a 5 horas;16;15;15;7,5;
Matemática;365;2;2 a 5 horas;12;11;12;6;
Matemática;366;2;2 a 5 horas;10;10;10;5;
Matemática;367;3;5 a 10 horas;13;13;13;6,5;
Matemática;368;1;Menos de 2 horas;7;6;0;0;
Matemática;369;1;Menos de 2 horas;11;10;10;5;
Matemática;370;2;2 a 5 horas;14;12;11;5,5;
Matemática;371;2;2 a 5 horas;7;7;9;4,5;
Matemática;372;1;Menos de 2 horas;14;12;12;6;
Matemática;373;3;5 a 10 horas;13;11;11;5,5;
Matemática;374;1;Menos de 2 horas;6;5;5;2,5;
Matemática;375;3;5 a 10 horas;19;18;19;9,5;
Matemática;376;3;5 a 10 horas;8;8;10;5;
Matemática;377;3;5 a 10 horas;15;14;15;7,5;
Matemática;378;2;2 a 5 horas;8;9;10;5;
Matemática;379;2;2 a 5 horas;15;15;15;7,5;
Matemática;380;2;2 a 5 horas;10;10;10;5;
Matemática;381;2;2 a 5 horas;15;14;14;7;
Matemática;382;1;Menos de 2 horas;7;6;7;3,5;
Matemática;383;2;2 a 5 horas;11;11;10;5;
Matemática;384;1;Menos de 2 horas;6;5;0;0;
Matemática;385;1;Menos de 2 horas;6;5;5;2,5;
Matemática;386;3;5 a 10 horas;10;9;10;5;
Matemática;387;1;Menos de 2 horas;6;5;6;3;
Matemática;388;3;5 a 10 horas;7;5;0;0;
Matemática;389;2;2 a 5 horas;7;9;8;4;
Matemática;390;2;2 a 5 horas;6;5;0;0;
Matemática;391;2;2 a 5 horas;9;9;9;4,5;
Matemática;392;1;Menos de 2 horas;14;16;16;8;
Matemática;393;1;Menos de 2 horas;10;8;7;3,5;
Matemática;394;1;Menos de 2 horas;11;12;10;5;
Matemática;395;1;Menos de 2 horas;8;9;9;4,5;
